slug,last_commit_date,language,linguist_version,language_determination_date
NYAN-x-CAT/VBS-Shell,2019-06-28T20:05:01Z,VBScript,github-linguist 8.0.1,2024-09-28T22:22:38Z
A9T9/SeeShell,2018-10-11T10:32:00Z,VBScript,github-linguist 8.0.1,2024-09-28T22:22:38Z
m8urnett/pafwert,2018-04-25T03:23:02Z,Visual Basic 6.0,github-linguist 8.0.1,2024-09-28T22:22:38Z
zelon88/Ransomware_Defender,2019-11-18T21:14:10Z,VBScript,github-linguist 8.0.1,2024-09-28T22:22:38Z
narekye/VB.NET,2017-04-05T20:25:33Z,Visual Basic .NET,github-linguist 8.0.1,2024-09-28T22:22:38Z
Mendeley/openoffice-plugin,2018-10-30T15:48:40Z,Visual Basic .NET,github-linguist 8.0.1,2024-09-28T22:22:38Z
chrisbra/histwin.vim,2013-02-16T22:23:24Z,Vim Script,github-linguist 8.0.1,2024-09-28T22:22:38Z
wpatoolkit/Cap-Converter,2015-12-30T17:55:31Z,Visual Basic 6.0,github-linguist 8.0.1,2024-09-28T22:22:38Z
spotnet/spotnet,2015-04-09T00:35:09Z,Visual Basic .NET,github-linguist 8.0.1,2024-09-28T22:22:38Z
jopeek/browserchooser,2017-06-12T16:27:43Z,Visual Basic .NET,github-linguist 8.0.1,2024-09-28T22:22:38Z
maxdeviant/lol-mastery-manager,2016-10-22T23:29:15Z,Visual Basic .NET,github-linguist 8.0.1,2024-09-28T22:22:38Z
CanadianSolar/CASSYS,2018-12-07T21:57:16Z,VBA,github-linguist 8.0.1,2024-09-28T22:22:38Z
DedSecInside/KeyLogger,2016-06-11T16:48:37Z,Visual Basic .NET,github-linguist 8.0.1,2024-09-28T22:22:38Z
TheNerdJedi/MeshlabAuto,,,,
zhyongquan/Excel2DBC,,,,
SammyHerring/Excel-Password-Cracker,,,,
qwerty472123/pakUnpacker,,,,
retailcoder/VBA-StringBuilder,,,,
braxtone/PhishReporter-Outlook-Add-In,,,,
chasingtheflow/VBA-Utilities,,,,
bystc/U,,,,
Elepover/RevokeChinaCertGUI,,,,
evandixon/Sky-Editor,,,,
ljw1004/async-exception-stacktrace,,,,
AlessandroDelSole/CodeSnippetStudio,,,,
sydi/sydi-server,,,,
thexmanxyz/network-share-reconnecter,,,,
attdevsupport/API-Platform,,,,
Fleex255/SprintDLL,,,,
alkrauss48/code_samples,,,,
JasonKhew96/Docs2Pdf,,,,
Kat9-123/Keylogger,,,,
jamalmazrui/PDF2TXT,,,,
yuukiw/StardewValleyMM,,,,
nagimov/wia-cmd-scanner,,,,
AlexWaveDiver/TranslaTale,,,,
LakeYang/frp-GUI,,,,
liuzikai/iCode,,,,
ajoyraman/USB_Matchbox_Scope,,,,
sintaxasn/MigAssistant,,,,
gdkchan/SNES.net,,,,
piotrflorczyk/cve-2018-8174_analysis,,,,
BradlySharpe/trelloOutlookAddon,,,,
peterson1/vb6-toolbox,,,,
base64decode/examples,,,,
scipag/AttackToolKit,,,,
m13253/minecraft-chat-helper,,,,
Rotifer/VBA,,,,
stenci/ExcelToGit,,,,
ipmanlk/Fake-Hits-Generator,,,,
alex-bochkov/ServiceInstaller1C,,,,
gerardbalaoro/MpressGUI,,,,
Ehryk/ContextMenuTools,,,,
kb-dk/KaptajnKaper,,,,
LCARSx32/Main-LCARS-x32-Project,,,,
jz5/Pronama-chanIDE2013,,,,
fogleman/FutureBlocks,,,,
darcfx/darcfx-submissions,,,,
DeepSOIC/SplineTravel,,,,
FireEmerald/Soulstorm-RaceUnlocker,,,,
BrianPeek/mjpeg,,,,
aqtq314/iBMSC,,,,
Bertware/bukkitgui,,,,
joinr/sporklisp,,,,
srbcheema1/CheemaFy_legacy,,,,
luanshizhimei/AzurLanePaintComposite,,,,
TheCodeArtist/Active-Window-Logger,,,,
enigma0x3/Old-Powershell-payload-Excel-Delivery,,,,
skilbjo/excel-vba-formatting-macros,,,,
7xry/TapdCollect,,,,
fearnotthewrath/Reddit_Add-In,,,,
riyazwalikar/adbrute,,,,
MikelSFraga/ApiFunction,,,,
deprecate1/ViewWizard,,,,
Apress/beginning-power-bi-2ed,,,,
ifcaro/PkgView,,,,
OsandaMalith/VBShellCode,,,,
RobbiNespu/VB6-Sqlite3,,,,
pcchou/srg,,,,
Robotxm/mWiFi,,,,
GorillaStack/gorillas,,,,
IvanBond/Power-Refresh-VBScript,,,,
richm/auto-win-vm-ad,,,,
jadaradix/dsgamemaker,,,,
huggle/huggle,,,,
oliverlundquist/laravel-vue-ddd-brewdog,,,,
kieranharding/VBA,,,,
alienwithin/xanity-php-rat,,,,
Schwaxx/WFInfo,,,,
dmarlowe69/cbm_mads,,,,
Epsil0neR/WPF-Localization,,,,
TheTinkerGnome/zabbix,,,,
kernelENREK/Z80_NavigationBar,,,,
brainbackdoor/playground-docker,,,,
Tomamais/VbaFormBuilder,,,,
bdunlap9/WordMacro-Download-Execute-Payload,,,,
lushen124/Universal-GBA-FE-Randomizer-Windows,,,,
zelon88/HTA-UI,,,,
ShaneGowland/JavaRa,,,,
fabioharams/container,,,,
NYAN-x-CAT/Lime-RAT,,,,
mdsecactivebreach/CACTUSTORCH,,,,
Mr-Un1k0d3r/MaliciousMacroGenerator,,,,
YuxuanLing/books,,,,
AyrA/ExcelStuff,,,,
michaelneu/webxcel,,,,
aaronkeene/ExcelVBA,,,,
malwares/Crypter,,,,
khr0x40sh/MacroShop,,,,
seanyeh/vibreoffice,,,,
mwsrc/PlasmaRAT,,,,
joesecurity/pafishmacro,,,,
mwsrc/njRAT,,,,
emilefyon/Excel-VBA-Productivity-Libraries,,,,
NYAN-x-CAT/Lime-Miner,,,,
gerritv/Grbl-Panel,,,,
Steppschuh/RemoteControlServer,,,,
SoapyHamHocks/MetroSteamSettings,,,,
vertcoin-project/One-Click-Miner-OLD,,,,
Destiny1984/XCI-Cutter,,,,
cluberti/VDI,,,,
Twi1ight/AD-Pentest-Script,,,,
bodrick/Ember-MM,,,,
gbmhunter/AltiumScriptCentral,,,,
Concept211/Google-Maps-Markers,,,,
aikoncwd/vbs-ad-health-report,,,,
dimitropoulos/VBECustomColors,,,,
Vozzie/uacscript,,,,
MrJag/ghost,,,,
Exidous/Unpackers,,,,
badcodes/vb6,,,,
rubberduck203/VBEX,,,,
kjanku1/ADBTouchScreenControl,,,,
ADN-DevTech/Inventor-Training-Material,,,,
VBA-tools/VBA-Log,,,,
VelinGeorgiev/Simple-VBA-functions,,,,
ultrara1n/MiToolkit,,,,
cxgreat2014/VBScript_DOC2PDF,,,,
vbRichClient/vbWidgets,,,,
plesk/api-examples,,,,
YuLin12345/Affordable-AIO-Bot,,,,
maxrice/excel-geocoding-tool,,,,
Access-projects/Access-examples,,,,
ftsrg/cheat-sheets,,,,
bitsadmin/revbshell,,,,
hunterbeanland/AutoVer,,,,
christwellman/VBAMacros,,,,
iH8sn0w/sn0wbreeze,,,,
kmscode/mRemote3G,,,,
BigPino67/Tesseract-MICR-OCR,,,,
markheath/voicerecorder,,,,
MarcWeber/autohotkey_viper,,,,
fossabot/myAut2Exe,,,,
smarty-archives/LiveAddressSamples,,,,
DotNetAnalyzers/DotNetAnalyzers,,,,
cjybyjk/EDL_Generator,,,,
hansk112/VBA,,,,
switch-stuff/HACToolGUI,,,,
avwuff/SVG-to-GCode,,,,
DanWBR/dwsim3,,,,
christophebedard/JavaWord,,,,
NateMccomb/TeslaCamViewer,,,,
PoC-Consortium/Qbundle,,,,
topherPedersen/OregonTrail1978,,,,
foryujian/ipintervalmerge,,,,
mandiant/remote_lookup,,,,
jwinterm/monerospelunker,,,,
Arno0x/WebDavDelivery,,,,
Xyl2k/Hydra-GUI,,,,
BloodBlight/ImageToSTLConverter,,,,
paypal/pdt-code-samples,,,,
mwsrc/BetterRAT,,,,
kodybrown/rktools2k3,,,,
alex-bochkov/EventLogLoader,,,,
coryarcangel/Super-Mario-Clouds,,,,
tannerhelland/VBIDEUtils,,,,
VBA-tools/VBA-LocalStorage,,,,
stevecalderone/Chemical-Engineering-Thermodynamics,,,,
SolidEdgeCommunity/Samples,,,,
BlackGeekTutorial/Beehind,,,,
filippobottega/ShareFix,,,,
MauriceCalvert/RealSense-Calibrator,,,,
appsecco/winmanipulate,,,,
chukwumaijem/vMix-Titles,,,,
IridiumIO/SteamAPNG,,,,
80000v/IonCube_Decoder,,,,
DanWBR/dwsim4,,,,
Phreak87/ESPeensy-and-Peensy-Payload-Generator-ESP8266-Teensy-3.5-,,,,
walter426/VbaUtilities,,,,
Ashrafnet/RemoteUSB,,,,
baijuxavior/AdvancedMCEMapperTool,,,,
snyang/Database-Modeling-Excel,,,,
iMokhles/IPAInstaller-Windows,,,,
thrimbor/frost,,,,
theMK2k/MetropolisLauncher,,,,
Apress/programming-excel-w-vba,,,,
JohnLaTwC/MacroJob,,,,
IC3DPrinters/filament-extrusion,,,,
malwares/SQL,,,,
RobinPerris/EclipseOrigins,,,,
alex-vt/Word-Export-to-PDF,,,,
kizwan/ATOMBIOSReader,,,,
porty/ioncube-decoder-vb6,,,,
mvbalaw/ExcelMapper,,,,
jcsnider/Orion-Game-Engine,,,,
wyattcast44-side-project-graveyard/MS-Access-VBA-Libraries,,,,
luislavena/service_wrapper,,,,
RiSearcher/GeometRi,,,,
RobinPerris/Crystalshire,,,,
coryarcangel/Super-Mario-Movie,,,,
arwinneil/albanian-virus,,,,
softzer0/UniBot,,,,
tytannial/FO2RP-Chinese-Localization,,,,
zelon88/Registry_Monitor,,,,
mwsrc/Virus-RAT-v8.0-Beta,,,,
vaginessa/Windows-Crypter-Collection,,,,
Apress/biml-book,,,,
NaxAlpha/TinyKLX,,,,
stg/SIDBlaster-USB,,,,
P3D-Legacy/P3D-Legacy-Old,,,,
capablemonkey/vb-keylogger,,,,
lumen0/cnczeus,,,,
scipag/httprecon-win32,,,,
Dahevos/FRoG-Creator-OSE,,,,
Virgula0/SQLi-Dorks-Generator,,,,
dhalucario/SteamCMDui,,,,
Ahmadmansoor/x64dbgDotNetPlugin,,,,
juglans/finereport,,,,
mwsrc/SimpleRAT,,,,
alex-bochkov/tj_loader,,,,
cparker15/INIFile.vbs,,,,
ninja33/anki-excel-helper,,,,
waleedassar/vbDetectVirtualBox,,,,
neilt1700/vba-form-moderniser,,,,
mhumpher/UIAutomation_VBA,,,,
mwsrc/ZeroRemote,,,,
furrtek/Waimea,,,,
alatas/GeoJSON4EntityFramework,,,,
jph4cks/defcon27_badge,,,,
x8BitRain/BonziRogue,,,,
RealDotNetDave/dotNetTips.Utility,,,,
oakkar7/ATester,,,,
LeifBloomquist/BBSServer,,,,
jiannaiwei/HostsX,,,,
todar/VBA-Userform-Animations,,,,
ladeng6666/formula-plus,,,,
tomtom1976/Blackmagic-Decklink-CCU,,,,
Xyl2k/MSR-605-206-Utility,,,,
Esri/arcgis-samples-silverlight,,,,
leeeboo/awtrix-bilibili,,,,
Touched/Sappy,,,,
stonejiang208/docker-beimi,,,,
Kr00l/VBMThread,,,,
MicrocontrollersAndMore/OpenCV_Tutorial_11_Object_Detection_and_Tracking_via_SURF_Speeded_Up_Robust_Features_in_Emgu_CV,,,,
Xyl2k/SpyEye-v1.3-frm_findftp_sub.php_exploit,,,,
KlausLoeffelmann/MvvmForms,,,,
abbodi1406/dotNetFx452W7,,,,
jamalmazrui/pdf2ocr,,,,
crashcoredump/RedWipe,,,,
mohmmadyahya010101-zz/Jigsaw-Ransomware,,,,
pengw0048/SaWechat-iOS,,,,
icoxfog417/SAPExtractorDotNET,,,,
AyraHikari/TWRP-Porter,,,,
vim-scripts/OutlookVim,,,,
Prathik-Jain/Carrel-LibraryManagmentSystem,,,,
lentil1016/LTB,,,,
DanielAbalde/BrickBox,,,,
Alby1987/BuzzMultiBuzzersPlugin,,,,
m301/vb6arc,,,,
TheKevinWang/MacroPhishing,,,,
martinctc/Excel-VBA,,,,
mwsrc/DotNetObfuscator,,,,
mist64/defrag1541,,,,
Yttrium-tYcLief/Scrotter,,,,
jamerst/AutoBright,,,,
Jonathan435/Business-Clocks-Charts,,,,
MicrocontrollersAndMore/OpenCV_3_Car_Counting_Visual_Basic,,,,
miorsoft/VB6-3D-Flocking-Boids,,,,
rand0m1ze/Privileged,,,,
Krutonium/SkypeAdvertRemover,,,,
gooderdev/Checkm8Installer,,,,
collin-li/pokemon-go-iv-calculator,,,,
Greg-Fordyce/evBMS,,,,
monosoul/MS-Deployment-toolkit-scripts,,,,
StanHutcheon/iPass,,,,
KruinWorks/ItalianCannon,,,,
LarsMichelsen/nagios_downtime,,,,
angel2s2/zabbix,,,,
duyanning/womacs,,,,
jamesfoster/vb6-sha,,,,
VisualSoftware/PKeyConfigReader,,,,
micksmix/RegUpdateAllUsers,,,,
perrybutler/rapid-server,,,,
Futemire/Autodesk-Inventor-WPF-Add-in-Template,,,,
instructure/canvas-contrib,,,,
AnorakTech/Anoraks-ATOMBIOSReader,,,,
mwsrc/BlackWorm,,,,
remileduc/p2p-filter-lists,,,,
froque/Make-My-Manifest,,,,
baijuxavior/KodiLauncher,,,,
PTZOptics/Robotics-Research-Learning-Support-Program,,,,
AVEVA/AF-SDK-Programming-Online-Course,,,,
peterennis/aegit,,,,
Wikinaut/md5.vbs,,,,
javiercrowsoft/cairo-vb6,,,,
DirtySenpai/Cheat-Loader-CSGO,,,,
qwugfd/mempsrc,,,,
perrybutler/id3taglibrary,,,,
fabianrod/metadata-extractor,,,,
RHWorkshop/IR-Blue-Eagle-Files,,,,
sintaxasn/EncodeHD,,,,
intrinio/intrinio-excel,,,,
ALIILAPRO/Combo-Tools,,,,
IvanBond/SAP-BOA-Automation,,,,
frankzheng43/-VBA-in-practice,,,,
TelcoSYS/ExcelVBATools,,,,
vbcontrib/VBAngular,,,,
ronny115/CSGO-Stats-Project,,,,
MicrocontrollersAndMore/License_Plate_Recognition_Visual_Basic,,,,
HackHound/PREC,,,,
utkusen/floodtrooper,,,,
Cth1003/BonziBuddy,,,,
iH8sn0w/iREB-2.0,,,,
ScottSchaen/excel-vba-macros,,,,
zelon88/Workstation_USB_Monitor,,,,
lvcabral/ActivePack,,,,
mastercoin-MSC/masterchest-wallet,,,,
rdswift/ChapterMaker,,,,
alec-hs/Flaxs-Arma-Server-Tool,,,,
boredazfcuk/mining,,,,
awilbert/access-vba,,,,
teltec/outlook-signature-autoconfig,,,,
sulmone/Cold-Turkey-Serious,,,,
MicrocontrollersAndMore/OpenCV_3_License_Plate_Recognition_Emgu_CV_3_Visual_Basic,,,,
Apress/build-your-own-.net-language-compiler,,,,
nccgroup/WindowClicker,,,,
RonanVico/RVFrameworkDeAutomacaoWeb,,,,
yulong2017/WbsGanttChart,,,,
jacmoe/c64adventures,,,,
igorseabra4/HeroesTweaker,,,,
d0lb33/TimerTracker,,,,
coding-horror/CleanSourcesPlus,,,,
Dispnt/UWPLoopback,,,,
jiegouyun/outreader,,,,
eset-la/Check-EternalBlue,,,,
fizban99/RRunner,,,,
andrew867/GMLAN,,,,
vincentntang/AirtableExcelVBAmacro,,,,
ltiwana/GetLockedOutADAccounts,,,,
zspri/NEX-OS,,,,
Jaruzel/DeleteFacebookActivity,,,,
ajayrandhawa/Visual-Basic-Scripts,,,,
psuter/serverless-qbasic,,,,
ljw1004/platform-specific-analyzer,,,,
icoxfog417/kintoneDotNET,,,,
jpbro/VbPcre2,,,,
oseparovic/RRT2Maps,,,,
hubisan/excel-vba-faceid.bas,,,,
SG57/FFXIV-Nexus-Progress,,,,
DustinCampbell/NZag,,,,
franknight/gkScraper,,,,
DzonnyDZ/Tools,,,,
ALIILAPRO/Remove.Bg,,,,
Fablab-Sevilla/GH2SAP,,,,
BlackGeekTutorial/StockBooter,,,,
kevinlohk/ArduinoPhMeter,,,,
OneClickToQif/OneClickToQif,,,,
dj-nitehawk/Pandorian,,,,
DragonNeos/cwcheatdb,,,,
nezuQ/PaperTester,,,,
ms-dev-1/uni-sdr-link,,,,
iH8sn0w/iBooty,,,,
Milo1885/Tease-AI,,,,
mwsrc/NjRATStub,,,,
ZsgsDesign/Hack-StudentMain,,,,
greatbody/VB6_JSON_Parse,,,,
sabriallani/RAT-NjRat-0.7d-modded-source-code,,,,
manojdjoshi/ACTIVELOCK,,,,
wqweto/VbPeg,,,,
DeadBugPrototypes/SolderPaste14M2,,,,
TylerMD/MusicBee-BPMTapper,,,,
BenSimonds/QlikviewSkeleton,,,,
LuxuriaGK/LogisticManager,,,,
juangotoh/MangaSketch,,,,
lotusinriver/MonitorProgressRevit,,,,
DanCooper/Ember-MM-New,,,,
eric-guerin/powerpoint-progressbar,,,,
ddkclaudio/QuplaySimTools,,,,
acrojax-open/photos2folders,,,,
nccgroup/hostresolver,,,,
stvansolano/PrograII-DotNet,,,,
Brionjv/3DS-Save-Editors-Library,,,,
clayreimann/CodeHelp,,,,
respec/VB6,,,,
ShadowFlare/WinMPQ,,,,
native-api/hddguardian,,,,
littlebalup/WAY-launchers,,,,
ParthK117/etn-ez-miner,,,,
switch-stuff/ShogunTool,,,,
PixelsCamp/tshirt-challenge-archive,,,,
FrancisMurillo/xlfn,,,,
s-afchar/Blueflap-Universe,,,,
LiveMirror/dism,,,,
cdrpro-macros/cdr-tools,,,,
LuisVSa/SBuilderX,,,,
hussien89aa/DBmanager,,,,
bkbartk/dRemote,,,,
Krutonium/ESD-Download-Link-Generator,,,,
joshuadaleadams/FO76NukeDecrypter,,,,
fdeitelhoff/VB.NET-License-Manager,,,,
mwsrc/SideEffect-Keylogger,,,,
PonyPC/myaut_contrib,,,,
dmitrysmagin/griffon_legend,,,,
AdamSpeight2008/TTF,,,,
AlfredoAbarca/ARTSP,,,,
manisaiprasad/I-Love-You,,,,
amantotek/vb6SerialAPI,,,,
MicrocontrollersAndMore/Traffic_Cone_Detection_Visual_Basic,,,,
tmorehouse/hashids.vba,,,,
luislavena/mongrel_service,,,,
gaspaio/vagrant-setups,,,,
gsmedley/thin_service,,,,
SadFud/GG-Ransomware,,,,
CoultonF/MS-SQL-Database-Excel-VBA-Application,,,,
kennywei815/TeX4Office,,,,
mulyawansentosa/Guna.UI-Framework-Lib,,,,
meliton/ISPiggy,,,,
The-Logic-of-Thinking/demo-id-waves,,,,
Kroc/MaSS1VE,,,,
pkrumins/vbscript-youtube-downloader,,,,
openEHR/arch_ed-dotnet,,,,
SamB/edlinas,,,,
Xyl2k/MBRLock-serial-finder,,,,
ljubadr/sublime-protocol-win,,,,
eklam/VbsJson,,,,
zubair1024/GestureRec,,,,
OverQuantum/mp_extsimp,,,,
airiclenz/miniEngineStudio,,,,
ZanoQuentin/AstriaMapEditor,,,,
SherazIbrahim/KeyLogger,,,,
chrisbmatthews/rpgtoolkit,,,,
isurutmv/POS-System-for-grocery-shop,,,,
utkusen/janibot,,,,
Doom-Utils/shareware-collection,,,,
HubLot/vim-gromacs,,,,
AArnott/Pfx2Snk,,,,
PraneethMadush/Automated-School-Bell-Software,,,,
riobard/loopman,,,,
mrrekcuf/ONVIF-scripting-tools,,,,
qiangqiang101/Initial-D-Arcade-Stage-Teknoparrot-Launcher,,,,
nsssayom/Theia_OMR_Scanner,,,,
archinate/Slingshot,,,,
geolovic/SwathProfiler_ArcGIS,,,,
zubair1024/Jarvis,,,,
erhan11040/VB-NetworkSniffer,,,,
luislavena/binfiles,,,,
tpxxn/JiHuangBaiKe,,,,
Spodii/vbgore,,,,
markgollnick/iespresso,,,,
MarquisdeGeek/basicode,,,,
runlinux/Bitcoin-Bot,,,,
MobiusDevelopment/L2,,,,
dannyfraser/VBA_Tools,,,,
sousatg-old/dbd,,,,
anychart-integrations/asp-net-vb-mysql-template,,,,
rtaylor777/ps_cmd_rev_shell,,,,
Yukaii/USB-VIRUS,,,,
joshuaptfan/KF2-drop-farm,,,,
ALIILAPRO/BinChecker,,,,
MicrocontrollersAndMore/OpenCV_3_KNN_Character_Recognition_Emgu_CV_3_Visual_Basic,,,,
SubtleScope/trollware,,,,
mwsrc/D-RAT,,,,
mr-wolf-gb/VB.NET_Anti-Task-Manager-Kill,,,,
nelstrom/vim-pml,,,,
diydrones/APM_Log_File_Analyzer,,,,
unclejed613/video-test-bench-dos-freeware,,,,
mynameisv/Ayaabu,,,,
benjamin-shi/AIMHanXinCode.Net,,,,
jmarrec/Useful-Excel-Macros-for-Energy-Modeling,,,,
ProHackTech/Prohack-Security-Lite,,,,
lousi8/tieba,,,,
chungkn1400/freewebcar_chung,,,,
scipag/filerecon,,,,
tresni/Salesforce-Excel-Connector,,,,
mwsrc/SimpleKeylogger,,,,
massimobonanni/RealSenseSamples,,,,
hisystems/DatabaseObjectsVB6,,,,
simply-coded/easy-ie-automate,,,,
RGBA-CRT/LSPK-Extracter,,,,
BITraining/SSRS_12132014_UserStory,,,,
mwsrc/SimpleAV,,,,
rlv-dan/NSF-Tool,,,,
CZWin32768/Memory-Monitor,,,,
mengskysama/EDSDK,,,,
scipag/ProxyExe,,,,
linshuboy/Factorio_Mods_Locale_Tool,,,,
omegatechware/VirusTotal.VB.NET,,,,
perrybutler/dotnetsockets,,,,
kevinconroy/apacheII,,,,
alex-bochkov/outlook-addin-for-1c-enterprise,,,,
wzcjd01/FinVBA,,,,
einali/vba_jalali_calendar,,,,
erikusaj/Ross_XPression_scripting,,,,
folkcoder/vba-library,,,,
Fleece3Design/FringeProjectionSimulator,,,,
dweedul/vba-helpers-addin,,,,
cdrpro-macros/text-replacer,,,,
whobornin1980/AsyncRAT,,,,
Pipshag/MilkyWheel,,,,
infomaniac50/projectsimplot,,,,
mattgodbolt/IRClient,,,,
SweetIceLolly/RemoteControl,,,,
clansty/TopDomain-Password-Reader,,,,
imagine10255/NASConnection,,,,
elmaddinkarimov/MS-Access,,,,
m301/CafeManager,,,,
LucasUP/LazyNewbPack,,,,
cubika/OneCode,,,,
nanbu/XArray,,,,
DrTol/pressure_loss_calculator-Excel,,,,
rolandopalermo/vb6-rest-calling,,,,
elaloy/VAE_MCMC,,,,
oharab/log4vba,,,,
briandamaged/tolerable,,,,
arundaleais/decodersource,,,,
duanzhihui/PdVBS,,,,
rlv-dan/OfficeWiz,,,,
LeonamMiiller/LiquidGear,,,,
jramsden271/spotifymini,,,,
GiorgosXou/Lua_LOVE_2D_Studio,,,,
virusme/GUI-Interface-to-Interactive-Brokers-IB-Gateway,,,,
acocciolo/archives_finder,,,,
VTSTech/MedAdvCFG,,,,
JasonGlazer/Drumlin,,,,
adierebel/Dropshadow-Borderless-WinForm,,,,
farizluqman/simple-cybercafe-server,,,,
lukewp/dstk_excel,,,,
jenglezou/chilaca,,,,
Xyl2k/Pony-gate-extractor,,,,
type0dev/CDNSP-GUI,,,,
hycmanson/Javedio,,,,
joshii22/InventorySystem,,,,
rickhenderson/Web-Scraping-With-VBA,,,,
wqweto/UsbBarcodeScanner,,,,
tlvince/sourcetools,,,,
ronnieflip/SLICKERMASTER-REV4,,,,
jayrm/fb-lisp,,,,
createsoftware/Create-Synchronicity,,,,
hishamco/vRedis,,,,
victorze-vba/Scraping,,,,
art567/BfMeshView,,,,
phil65/xmlconvertgui,,,,
SJMakin/FuzzWinForms,,,,
CQHL/VBA,,,,
DualBrain/VbRogue,,,,
eventualbuddha/jquery-kvo,,,,
iamjayk/Payroll-Management-System,,,,
cdrpro-macros/gms-code-export,,,,
HKingz/RAT-NjRat-0.7d-modded-source-code-forked,,,,
controlprogram/mk312-bt,,,,
twd2/HandWritingGenerator,,,,
slash-cyberpunk/VBA-CRC32,,,,
vpnguy-zz/MasseCrypter,,,,
rvs76/staxrip,,,,
Apress/programming-sudoku,,,,
pmachapman/basic-samples,,,,
PraneethMadush/Malware-Builder,,,,
SweetIceLolly/VB6-MemoryDC,,,,
amethyst-asuka/GTA5-WaifuGuards,,,,
Gamer2020/Unofficial_XSE,,,,
alistairmcmillan/WMI-VBScripts,,,,
benjojo/win32-collectd,,,,
petrocode/blackoilmsv,,,,
jimbotten/VBScriptDump,,,,
Ninputer/notbasic,,,,
skmp/BasicBoy,,,,
Xyl2k/RansomHelper,,,,
buger404/Emerald-Studio,,,,
mdude77/MMinerMonitor,,,,
aldrd/aboutbrain,,,,
Golumpa/FuniBatchGUI,,,,
arwinneil/Why-Write-SQL,,,,
arhneu/road-runner,,,,
japurvis/PortfolioCrypto,,,,
X-SLAYER/Youtube-MP3-Downloader,,,,
willianchanlovegithub/Upper_computer_of_Multi-point_temperature_monitoring_system,,,,
mojontwins/Miedow_NES,,,,
gosub-com/Coco,,,,
VTSTech/BPAdvCFG,,,,
rubberduck203/VBAUnit,,,,
topherPedersen/OregonTrailTRS80Edition,,,,
gerardo-lijs/VB6-NetStandard-Interop,,,,
connerk/VBA-Logger,,,,
ewfian/ExperDot.NetSpeedMonitor,,,,
mrbellek/ADSspy,,,,
Tinclon/QBasic-Nibbles,,,,
fakoua/Rest.msc,,,,
JBionics/Wifi-Robot,,,,
xangregg/packedbars,,,,
ilkericyuz/excel2access,,,,
jbostoen/ZTStudio,,,,
breezechen/YAPM,,,,
emezeske/manpageview,,,,
TheWover/AsyncRAT-VB.NET,,,,
beejjorgensen/Wizards-Castle-Info,,,,
williamtdr/cookieclicker,,,,
Xyl2k/Malware-Auto-Downloader,,,,
naraa/WoWTheSupremacieLauncher,,,,
DotNetAnalyzers/StringFormatDiagnostic,,,,
dtinth/UCN-BMSE,,,,
honda0510/Google-Calendar-Library-for-VBA,,,,
SeraEris/SWEP1RCR_CM,,,,
DeploymentArtist/WN1,,,,
peterpostmann/Excel-to-Powerpoint-bridge,,,,
Abhivendra/School-Management-System,,,,
kennywei815/InsertImagePlus,,,,
cdrpro-macros/export-to-jpg,,,,
jaywick/kalq,,,,
DanielAbalde/Gumball,,,,
BinaryNinjas/Rogue-of-Diablo-v2,,,,
ohhsodead/Movieo,,,,
scipag/VbscriptUtilities,,,,
mojontwins/cheman,,,,
timabell/vs-formatter-macro,,,,
ECLIPS3/Android-Master-App,,,,
iH8sn0w/null_shsh,,,,
Fundynamic/arrakis,,,,
sandeepl337/PHP-SRC-Vulnerabilities-Scanner,,,,
erikeidt/VBA-Src-Extractor,,,,
BriargateExcel/TableManager,,,,
EclipseEngine/Eclipse-Origins,,,,
roncli/LibWowAPI,,,,
dnasdw/Ohana3DS,,,,
swissembedded/em,,,,
nazmulb/docker,,,,
fvdpol/MM-ExportITunesLibraryXml,,,,
fralau/vba_db,,,,
mwsrc/iDDoSeR,,,,
coolalexhuang/hello_github,,,,
Chojins/Guilloche-Designer,,,,
simplegeo/simplegeo-dotnet,,,,
regaw-leinad/AndroidLib-Samples-VB,,,,
hikalkan/old-hobby-projects,,,,
BrianPeek/c4fbook,,,,
joshuaflanagan/gitmacros,,,,
Ahmed-Omara/Fb-Dork,,,,
AnorakTech/Anoraks-AMD-VBIOS-CRC-checker,,,,
labs7in0/cloudemoji_win,,,,
mougino/easyapk,,,,
hex-ci/Othello,,,,
munawarb/Treasure-Hunt,,,,
decay88/LimeUSB,,,,
legacygamedev/limited-source,,,,
NCPN/Access_VCS,,,,
Gaiadin/FFXIVCraft-A-Macro,,,,
lwangenheim/RedTeam,,,,
AshishKingdom/GUI-Menu-Bar,,,,
wtywtykk/TopDomainHandsUpFlood,,,,
arb625/Visual-Basic-Projects,,,,
dnnconsulting/DnnC.CookieConsent,,,,
balin77/ExcelDesignListBox,,,,
daycool/rightMenu,,,,
Neo23x0/agile-hacking,,,,
alvarotrigo/VB.NET,,,,
Rinnegatamante/lpp-ide,,,,
ipums/excel-toolkit-framework,,,,
vpnguy-zz/ExeBinder,,,,
Phreak87/LeptonicaSharp,,,,
xulture/CrySplatter,,,,
chetkhatri/School-Management-System,,,,
cambusa/rymedio,,,,
erossignon/qod4outlook,,,,
shenjian74/plantuml-markdown,,,,
CUAHSI/HydroServer,,,,
base64encode/examples,,,,
nmrmsys/ExSQell,,,,
mspgeek/MSPAccounts,,,,
DazedNConfused-/CoverAO,,,,
evandixon/Online-PKM-DB,,,,
zubair1024/Cornelius-Analyser,,,,
albf/pipes-2600,,,,
UNT-CAS/HiddenPowershell,,,,
ManuelGil/Reset-Windows-Update-Tool-Configuration,,,,
Carlmundo/DriveTidy,,,,
save-ee/save-ee-lobby,,,,
DNN-Connect/TwitterFeed,,,,
tchssk/sakura-vim,,,,
nicorac/extended-numericupdown-control,,,,
dustinlacewell/Chibot-Ultra-Battle,,,,
type0dev/Xenoblade-Chronicles-2-Editor,,,,
airingursb/nameplayer,,,,
mwsrc/LuxNET,,,,
scipag/codex,,,,
xgalv00/vba,,,,
JoePlant/access-xml-doc,,,,
Esysc/MDTtools,,,,
shiludeng/graduation-thesis,,,,
dexwerx/VBWERX,,,,
Schellmr/dcPrevent,,,,
Pedrumj/Sap2000-API,,,,
RaymondWise/Excel-Weekly-Meal-Plan-Shopping-List-Generator,,,,
inqlik/QvdExplorer,,,,
0HL/Z33nieSource,,,,
megamarc/FBTilengine,,,,
w84death/qbasic,,,,
lpleao/lenovo-bios,,,,
billchungiii/SyncTcpSamples,,,,
sangleshubham/Fast-Food-Management-System,,,,
honeydatax/command-line,,,,
geneb/Graphics-QuickScreen,,,,
Rotifer/SqliteVba,,,,
duck531a98/font-generator,,,,
visiyo/AutoStoreWorkflows,,,,
Touched/EliteMap,,,,
genericCog/Gantt_Chart_MS_Excel,,,,
JBou/McMetroLauncher,,,,
shula/vbsheep,,,,
countingpine/gfxfromfrx,,,,
danneedebro/Text2Relap,,,,
amitkm9204/E-MEDICAL-MANAGEMENT,,,,
todar/VBA-Analytics,,,,
KaustubhPatange/ADB-Toolkit,,,,
JohnWilcock/OL3Designer,,,,
NSDN/ThSAG,,,,
PraneethMadush/Clash-Of-Clan-Hacking-Tool-Using-VB,,,,
GDGVIT/C-Decompiler,,,,
kkbruce/Bootstrap2-VB-MVC,,,,
KingGold171/Fake-Notepad,,,,
thom-jp/thoms_ExcelAddIn_for_VBADeveloper,,,,
SweetIceLolly/BackgroundServer,,,,
yhpong/Portfolio-Optimizer,,,,
iBug/Vira-2,,,,
Hawke/B17QoTS,,,,
jlroo/FPGA-volatility,,,,
Exploit-install/MacroShop,,,,
WillowMist/DnD4eCM,,,,
Durek/TitanAccountConverter,,,,
erythana/FibonaccIt,,,,
njcltd/gfimax,,,,
Kroc/blu,,,,
6234456/ExcelVBA-Javascript-Bridge,,,,
GabberBaby/ActiveMalwares,,,,
Kroc/OZ80MANDIAS,,,,
ChrisAnd1998/Rust-Bundles-Pre-Loader,,,,
paulboxwell/Neural_Network_AI,,,,
DWidel/ZilObjectVisualizer,,,,
xorcare/INIFile,,,,
ajinabraham/OAuth-Request-Crafter,,,,
grahame-student/OSE,,,,
candraprasetya/BeeAntivirusVB6,,,,
swdevbali/passbandara,,,,
codecarvings/ImageUpload,,,,
nesl/FriedParts,,,,
embeddedsea/Stranger_Things_Password_Cracker,,,,
alloptical/ClosedLoop,,,,
ExtraGG/ExcelAPICaller,,,,
NKINC/fdftoolkit,,,,
CardsApp/SDK-.NET,,,,
Bootz/FreeRecover,,,,
geneb/QuickScreen,,,,
DNNCommunity/DNN.NewsFeeds,,,,
kylinstudio/SoSo,,,,
wowadict/SpuriousEmu,,,,
diantahoc/chanb,,,,
rolero/AliExpressAPI.VB.NET,,,,
TimoKunze/ExplorerTreeView-VB6,,,,
gr0d/AMD.Compute.Mode.Toggle,,,,
SonarSystems/VB.NET-Mastering-Tutorial-Series,,,,
frah/VBA-Redmine,,,,
moorer2k/VPNBook-AutoConnector,,,,
midimyself/CGDK,,,,
AlexMSatalia/OpenSolver,,,,
EionRobb/PHP-DotNet-Bridge,,,,
Blueforcer/QuestDrive,,,,
TaoK/poorsql.com,,,,
ericaddison/ShibbyGit,,,,
GinIchimaru/VBA_Time_Series,,,,
kevXZY/cheat-sheets,,,,
apfernandes/excelToMarkdown,,,,
AutoCAD-projects/DVB-examples,,,,
Gelivabilities/Others,,,,
mochatek/Angry_Bird,,,,
Phauxelate/ocarina-calculator,,,,
Temtesb/StatisticsCalculationsForExcel,,,,
ThatWindowsDev/Script-Index,,,,
SaturnsVoid/UAC-Bypass,,,,
geneb/QuickMenu,,,,
Noxonsoft/Synthese,,,,
armornick/CocoR,,,,
vbacrazy/VBAFramework,,,,
kismatboy/hit-ant,,,,
Databasic-NET/Databasic,,,,
m0ivq/MD380-CodeplugGenerator,,,,
SherazIbrahim/Psd-Rat-,,,,
X-SLAYER/FIleUploader-From-Desktop,,,,
PowerFeature/excelAzureVmPricing,,,,
KevJLaw/CGBenchmark,,,,
aaronkeene/VbaGoogleMaps,,,,
dewster/lol-mastery-manager-new-client,,,,
DeploymentBunny/MVPDays,,,,
umbrellacorp03/PaperBurst,,,,
SweetIceLolly/Multithread-Screen-Streaming,,,,
geneb/QuickPakScientific,,,,
engsamara/Embedded-Systems-Training-Course,,,,
hlizard/VBScroll,,,,
iloveitaly/outlook-gmail-rules-migration,,,,
co-stig/jira-vba,,,,
FoxP/PimpMyDrive,,,,
ZoeLocke/SSRSAggLookup,,,,
Prooffreader/Excel,,,,
akalankauk/Unlimited-Proxy-Grabber,,,,
Apress/extending-ssis-w-.net-scripting,,,,
EszopiCoder/vba-crypto,,,,
dhpradeep/vb-project,,,,
dodonki1223/FolderFileList,,,,
AshishKingdom/aKFrameWork,,,,
dotnetcurry/LinqToXMLTutorials,,,,
aikoncwd/vbs-crypter,,,,
kernelENREK/Z80USBCopier,,,,
Fvbor/telegram_vbs_bot,,,,
Apress/learn-vb-.net-through-game-programming,,,,
aszasz/emmekit.vba,,,,
scotttd/RhinoScriptSamples,,,,
DNN-Connect/UserAccountManagement,,,,
kyourek/ComVisibleNetStandard,,,,
SweetIceLolly/SocketTester,,,,
Gerilla-Project/gerilla-for-grasshopper,,,,
bozimmerman/64miniword,,,,
haku/yuki.scr,,,,
juthawong/Ampare-PHP-Encoder,,,,
mkotson/receptio,,,,
takus69/VBAUnittest,,,,
mitchelsellers/dnnDocuments,,,,
hagronnestad/Wifi-Barcode-Scanner-Client,,,,
ArthurFerreira2/STARTREK,,,,
nailbuster/B2S-Backglass,,,,
AwaisKing/dotAPK,,,,
ajinabraham/OpSec-Firefox-Addon-Exploit-Suite,,,,
00000vish/Smart-Audio-Book-Player,,,,
nonkit/SmallSVGEditor,,,,
geekcomputers/vbs,,,,
0thm4n3/MCSC-Lab,,,,
conficient/ftpclient,,,,
xxxmen/abarabone-vbaEnumeration,,,,
dot-bob/MP-Mini-Delta-Profiles,,,,
Hecatron/QtSharp.TestApps,,,,
jacinator/VBA-macros,,,,
mehediemran/CAN-BUS-Sniffer,,,,
gusdnide/NetFlix-Account-Checker,,,,
crowcoder/VBDataGridCRUD,,,,
lishewen/LSWFramework,,,,
hslatman/outlook-fraudehelpdesk-reporter,,,,
drbeco/tradewars,,,,
kkatsuyuki/myExcelVbaEmacsKey,,,,
prof-rossetti/georgetown-opim-557-201803,,,,
theFisher86/SmartSheetVBATools,,,,
lunarcon/winshell,,,,
CreeperKong/qq-fuck,,,,
distanlo/scenarios,,,,
twardoch/dos-font-utils,,,,
Grokzen/VBSchell,,,,
HadiFadl/GetDTSXInfos,,,,
kentron2019/SecureCRT_Integration_Keepass,,,,
emutools/mdm,,,,
trlafleur/M710,,,,
fievelmousekewitz/OldEpicorScraps,,,,
philipcwhite/MonitoringServer,,,,
doxinho/officedeployment,,,,
audricd/MicrosoftOfficeAssistant,,,,
OnnoRokomSms/osms-vb6,,,,
aki2o/vba-porter,,,,
ApexHAB/apex-ii,,,,
depsypher/perplex,,,,
madhurjain/KBHOOK,,,,
jtmunn/QBASCII,,,,
adiov/PowerPoint-ProgressBar,,,,
muhammadmoazzam/4GB-PS3-File-Splitter,,,,
nunit/nunit-vb-samples,,,,
hairizuanbinnoorazman/HYSYS-to-Excel,,,,
caasi/cdphanzi,,,,
mmessano/VisualBasic,,,,
githubrobbi/OpenVPN-config-converter-OpenWRT,,,,
todar/VBA-FileSystem,,,,
juangotoh/NarouReader,,,,
miamon/Face-Web-Service,,,,
lefam/opengl_dot_net_experiments,,,,
qiantu88/office-cve,,,,
aadnk/HtmlParserVB6,,,,
TheEmptyGarden/ConfigMgr,,,,
CITA-cph/Volvox,,,,
vivin/ancient-code,,,,
Atreyagaurav/AutoCAD-Programs,,,,
derkalle4/gamespy-masterserver,,,,
tdykstra/GridView,,,,
Anime4000/HDMemory,,,,
nineyang/docker-for-lnmp,,,,
egbutter/mydots,,,,
yyc12345/ballance_tools,,,,
X-SLAYER/Breaches-Emails,,,,
jadaradix/darkflow,,,,
countingpine/tinybasic,,,,
eyunzhu/VB_BMS,,,,
mojontwins/EspitenenUndHerrPimponen,,,,
niemasd/Image2TEX,,,,
amitkm9204/ProjectsOnVisualStudio,,,,
engineers-tools/WinWriter,,,,
jonashackt/spring-boot-load-dll,,,,
iReadProject/Nspire,,,,
kidkanjas/ADBGUIV3,,,,
StanHutcheon/Recovery-Tool,,,,
hisystems/DatabaseObjectsVB6-Demo,,,,
juriadams/summoner-cooldowns,,,,
robchiarotto/auto-login-vpn-anyconnect,,,,
Swainamit/Dust_Monitor_App,,,,
DevZest/AdventureWorksLT,,,,
dfreniche/amstradbasic-vscode,,,,
DrAliRagab/Subtitle-Burner,,,,
Badg/SolidworksUtils,,,,
DotSlashNatalie/fix-7hdc,,,,
vmiceli/PentaxDSLR,,,,
jaksg82/XtfViewer,,,,
thmstm/Excel-VBA-for-Creative-Problem-Solving,,,,
StinkCat/CH_TO_PY,,,,
tender4ever/SecsDriver_VB,,,,
macupryk/EyeShot,,,,
StringEpsilon/fbUI,,,,
cryptotoad/Nibbler,,,,
mleo1/loki-launcher,,,,
vsego/PyteArt,,,,
iH8sn0w/blackbreeze,,,,
Hsury/FLAT-2048,,,,
UnknownDev18/Trickster-Pakcket-Capturer,,,,
b1gw00d/Windows_Privilege_Escalation,,,,
GiorgosXou/VB.NET-Force-directed-graph,,,,
ADIAProject/DIA,,,,
ByteCrafter/Craftbyte-Mod-IDE,,,,
topher-au/HDT-Voice,,,,
praswicaksono/spire-barcode-for-dot-net-keygen,,,,
neojudgment/ZGuideTVDotNet,,,,
mojontwins/SuperUwol_NES,,,,
gtsiros/RPNET,,,,
WTFender/Livestreamer-Assistant,,,,
jasonfah/chrome-tab-titles,,,,
Sieboldianus/ClipGeo,,,,
bdring/GrblController,,,,
wqweto/VbYoga,,,,
jamesplotts/3DDungeonMaker,,,,
Arch9SK7/MenuDump,,,,
honeydatax/qbasic64,,,,
SadFud/Random-Icon-Generator,,,,
onecoding1/gfx3DEngine,,,,
anacrolix/archive,,,,
SherazIbrahim/Unique-Downloader,,,,
KaustubhPatange/Shell-Recovery-Manager,,,,
NabiyevTR/SingleDiagram,,,,
jerrimus/IdleMine,,,,
Iridium-IO/ECFan,,,,
Apress/sql-server-2012-data-intg-recipes,,,,
wpatoolkit/Wordlist-Cleaner,,,,
pyblendnet-js/RealTermBusPirateSniff,,,,
ericremoreynolds/json-vba-writer,,,,
catdevpete/Clevo-LED-Beats,,,,
amorZhu/docker-lnmp,,,,
bokhua/vba-crawler,,,,
OdysseyOnlineClassic/odyssey-realms-server,,,,
jabar-amine/CHART-LINES,,,,
guilhermelonde/EasyPianoComposer_Source,,,,
jmrocco/Sims-3-Game,,,,
iH8sn0w/iREB----sn0wbreeze-version,,,,
AgureDa2019/ExcelVBA01_CreateSQL,,,,
mwsrc/GalaxyCrypter,,,,
Brionjv/Paper-Mario-SS-Save-Editor,,,,
mreisinger/tws-excel,,,,
crazedsanity/MSAccessUtilities,,,,
icez/revemu-mc,,,,
w84death/happy-cows,,,,
TheMadHatt3r/DazContentInstaller,,,,
sdomi/awsom,,,,
PatrickCarriello/LotusNotes-VBA-Email-Sender,,,,
rakesh-sahani/Time-Table-Generator,,,,
Tamu/revo,,,,
sieger82/high-speed-tridion-publishing,,,,
MarimerLLC/csla-vb6,,,,
Tanaalethan/ArkEnhancer,,,,
deathbycum/InstaAccountCreaterWithAutoVerification,,,,
hamstigluebom/bom,,,,
Nobbs66/FB-PSX,,,,
pylorak/GoldCPP,,,,
qiaotyqiaoty/CADAutoPlanning,,,,
retsyo/libxlsxwriter_freebasic,,,,
birkhsoft/birkh-RAT,,,,
geek213/3DKeys,,,,
swanandj7/Textile-Industry-Database-Management-System,,,,
MikeCodesDotNET/ArtNet-Powerpoint-Trigger,,,,
Apress/pro-excel-2007-vba,,,,
moorer2k/SteamActivator,,,,
SardineWMS/sardine-wms,,,,
bplubell/vba-macro-updater,,,,
cmcodes1/Cm-Calculator,,,,
spreedated/direct-output-x56-led-wrapper,,,,
valyana/ffxip,,,,
busse/vbscript-campfire,,,,
busse/segment-csv,,,,
johnantoni/vb.code-comment,,,,
evansj/ruby-smartkontrol,,,,
mattincode/ebookvault,,,,
claco/csvdatareader,,,,
lrbalt/outlookemailtotracks,,,,
matthewmccullough/vbs-wsh-datetestupdates,,,,
dbrady/chdk,,,,
si/profile-based-exchange-signatures,,,,
xxxrosexxx/vbscript-qsort,,,,
adrenlinerush/zipradiusnet,,,,
adrenlinerush/imagetoiconnet,,,,
phing/projX,,,,
tresat/GraphLibrary,,,,
tresat/UnitTestingUtilities,,,,
tapio/cbgl,,,,
NigelThorne/GOutlook,,,,
tresat/quakestatssqlserver,,,,
AustinWise/MSBuild-Runner,,,,
jmckaskill/vimfiles,,,,
rpardee/tracker,,,,
jcorrius/go-oo-mingw32-soc,,,,
whatupdave/CilociFormulaEngine,,,,
msamour/siriavfp,,,,
robn/basic-basic,,,,
HakanS/minder,,,,
tapio/miscfb,,,,
hmio/demo,,,,
claco/siphon,,,,
therealsarah/test,,,,
ChakaZulu/tuxbox_hostapps,,,,
msubra/System-Info-Analyzer,,,,
msubra/TECD,,,,
itspriddle/itt-it115,,,,
camillo/PowerTag,,,,
pointybeard-archives/OziExplorer-Batch-Map-Convert,,,,
gt24/combatcorps,,,,
danopia/monochat.net,,,,
codeshepherd/ocalc_plugins,,,,
Tamsmiranda/wPrvdmon,,,,
jasonhuber/KidsGames,,,,
lynnmatrix/WiMap-V2.0,,,,
anderson-dev/win_login_script,,,,
helder1978/Announcements,,,,
mcherry/WinProwl,,,,
mcherry/NetstatGUI,,,,
bobbo33/BTV2iPod,,,,
bobbo33/BTV2Tivo,,,,
brantburnett/NetCompressor,,,,
pasi2010/HomeworkManager,,,,
leetcharmer/GitTest,,,,
oahassan/vbPng,,,,
lgengineering/ScopeofServices,,,,
harrisony/schooltimetable,,,,
MattFisher/AccessVCS,,,,
mtrovo/Bovespa-Excel-Stock-Quote,,,,
anderson-dev/SecureSend,,,,
dsasser/DVDImport-Advanced,,,,
kdmny/asset_manager_vb,,,,
jantic/Intelligent-Media-Player,,,,
spudsdude/Media-Info-Plus,,,,
jasonhuber/OutlookForwarder,,,,
tapio/asciiarena,,,,
Strilanc/ReplayExplorer,,,,
ecastelli/Oauth-for-Yahoo-Mail-and-Social-in-.NET,,,,
lrich/The_Other_Repo,,,,
koryk/java_dann,,,,
bher20/ISO-Mount,,,,
Strilanc/MpqReader,,,,
LobsterDb/LobsterDb,,,,
egroSK/VB.NET-Ticket-generator,,,,
EdgarMendez/MSDPowerSports,,,,
daba/backupVbs,,,,
sesam/FolderdateFollowsFiles,,,,
l5/Liconcomp-Sailboat-Sample,,,,
aceofspades19/Runesword-II-OS.Net,,,,
hparra/MIDAS-001,,,,
jonsowman/weather,,,,
ausbuild/TestApp,,,,
jgoldschrafe/CheckMpioPaths,,,,
l5/LED-Perimeter-Software-Sample-for-Liconcomp,,,,
l5/Liconcomp-Sample-01--Roomdisplay---VBS-,,,,
Smattr/HelpStaysClient,,,,
cquinterox/Visual-Gallery,,,,
jamesl22/CF-Script,,,,
indexzero/dotnet-tools,,,,
raskhadafi/DBScanalyzer,,,,
ChristopherHammond13/iDisco,,,,
vedang/Cows-And-Bulls,,,,
jmiskiewicz/home,,,,
tristanred/RPG-Project,,,,
wintersa/Powershell-Add-Printers,,,,
wajatimur/cafebonzer,,,,
fantawttw/pusher.NET,,,,
ServerName/WoW-Script-Builder,,,,
miller-time/Star-Wars,,,,
goerz/decay,,,,
gofigure2/MegaCapture,,,,
aperrot42/registration,,,,
osgcc/osgcc2-GFXEditor,,,,
PwnDevTeam/Nephron,,,,
anoopjohn/KVAT-OpenOffice-Macros,,,,
iH8sn0w/iDetector,,,,
cdas/ebay.rb,,,,
PwnDevTeam/openiPwner,,,,
PwnDevTeam/openBlackbreeze,,,,
iH8sn0w/Payload-Pwner,,,,
blake0/PoisonPhish,,,,
donatj/Advanced-File-Filter,,,,
PwnDevTeam/openiBooty-WIN,,,,
PwnDevTeam/iAgent,,,,
coolkid1880/iDecrypter,,,,
westlicht/windowcontrol,,,,
mrelusive2k4/Test-PRJ,,,,
PwnDevTeam/iCENTER,,,,
ngbrown/Mole-For-Visual-Studio,,,,
gemendio/Project-01,,,,
p0ison1ce/Zeratul,,,,
mbmccormick/film-canistr,,,,
PwnDevTeam/MobileDevice-Reb0rn,,,,
PwnDevTeam/vbiRecovery,,,,
gemendio/RS-STI,,,,
gsantella/Page118No2,,,,
mitmit/WindowsApplication1,,,,
mitmit/WindowsApplication2,,,,
mitmit/WindowsApplication3,,,,
09ban449/Page-118No2,,,,
09sdm116/Page118No2,,,,
gsantella/Page118No2a,,,,
09ban449/testgit2,,,,
oylle1188/TestGit2,,,,
gsantella/TestGit2,,,,
09sdm116/TestGit2,,,,
09arm548/Test-GIT-2,,,,
09sdm116/Page163Num1,,,,
PwnDevTeam/Manzana-VB,,,,
Strilanc/MpqLibrary,,,,
oylle1188/Page163Num1,,,,
09sdm116/Page234No4,,,,
doza/Winquisitor,,,,
erinrice/FireTools,,,,
sharpred/Pomodoro-Timer,,,,
speric/archived-compsci,,,,
jakefriedman/word-text-to-speech,,,,
oylle1188/Page234Num4,,,,
09sdm116/Page234No4.,,,,
09ban449/Page234No4,,,,
09arm548/Chapter5_Page234,,,,
jkbselvakumar/RSAM-QA-Automation,,,,
09ban449/XmlReader,,,,
09sdm116/xmlreader_console,,,,
r15ch13/Manga-Downloader,,,,
09ban449/Page163No1,,,,
oylle1188/Page118Num2,,,,
neogic/DotNetNuke_SVN,,,,
kinow/word-images-extractor,,,,
09arm548/Chapter4-Page164,,,,
09arm548/Weather1,,,,
callison09/Task-Loader,,,,
andrewrk/Camlift-Controller,,,,
vim-scripts/omniperl,,,,
vim-scripts/LogMgr,,,,
09sdm116/Page118Num2,,,,
09sdm116/Page118Nm2,,,,
09sdm116/Page118N2,,,,
oylle1188/WeatherBug,,,,
09arm548/Page118-No2,,,,
09sdm116/xmlreader_weather,,,,
atrophic/Dynamic-Data-Access,,,,
09arm548/Plane_Reservation,,,,
09sdm116/Page163No1,,,,
09sdm116/Page163Nu1,,,,
marceloMedeiros/Compila-Tudo,,,,
osgcc/osgcc4-LanMar,,,,
09sdm116/ProxySwitcher,,,,
EmadMokhtar/GoogleTranslation,,,,
trulymohan/chemcell,,,,
erjiang/timeme,,,,
09ban449/ProxySwitcherBAN,,,,
sreguera/StormZX,,,,
09arm548/New_Plane,,,,
Malachi/Random-Little-Projects,,,,
convissor/address_standardization_solution_vb,,,,
artschwagerb/AcceptableWallpaper,,,,
09arm548/Proxy,,,,
stevecooperorg/Norvig-Spelling-Corrector-in-VB.NET,,,,
KevinLi/VBGUI,,,,
dmohl/AsyncExamples,,,,
palz/sn0wbreeze,,,,
Melcena/TukUI.Updater,,,,
iH8sn0w/iREB-Loader,,,,
prince-mishra/tesem1project,,,,
vim-scripts/etk-vim-syntax,,,,
AustinWise/wow-armory-bank-log-parser,,,,
09sdm116/Page398No7,,,,
09sdm116/ParkingLot,,,,
segin/libpcah,,,,
DanyL/RockBox-PSGroove-Installer,,,,
DanyL/Plug-In-Creator,,,,
hsteinhilber/WshBuild,,,,
Blasio/UPSMonitor,,,,
badcodes/freebasic,,,,
dlitz/freebasic-tv-batball,,,,
09arm548/Parking_Lot,,,,
georgeadamson/vba-array,,,,
krizajb/svn-excel,,,,
amgray789/NACO-Data-Normalization,,,,
hellsgate1001/Fm2010---Roles-And-Duties,,,,
jparise/caching-dns,,,,
scriptlib/batch,,,,
Fox-Warrior/Personal,,,,
brantburnett/LABjs.Net,,,,
RobertBohn/Netbet,,,,
pr0xyhacker/QuickBreeze,,,,
Gibrid/excel2apdl,,,,
St0rmguy/BlackPwn,,,,
losep/thinapp,,,,
PeterTL/TaskifierV,,,,
foswiki/TWikiInstallerWindowsContrib,,,,
ECLIPS3/Android-Master-Updater,,,,
lucaminudel/SolutionUnicaPowerToys,,,,
sharpred/ServiceWatcher,,,,
seancullinan31/MontyHallSL,,,,
frostrubin/Windows-PDF-Clean,,,,
pib/postman,,,,
Top-Cat/Spec-Pre-Release,,,,
liele123/ReadMACAddress,,,,
RodH257/IntroToRevitSamples,,,,
iKenndac/KNControlsWinForms,,,,
DrFriedParts/FriedParts-Update-Service,,,,
bmontgomery/HtmlSweeper,,,,
Pondidum/FileReplacement,,,,
brianpaulflynn/WMI-Performance-Counter-Logging-Console-App,,,,
panchew/RestroManager,,,,
bmontgomery/TDVcsIntegration,,,,
drbawb/random_code,,,,
Top-Cat/COMP1-2010---Noughts-and-Crosses,,,,
euanhume/Mini-Calculator,,,,
euanhume/Mini-Keyboard,,,,
iyomumx/DynamicXml,,,,
pflammertsma/L4D-Launcher,,,,
janvanderwijk/VNCShortCut4EnummedHosts,,,,
KingBain/Machine-Rename,,,,
Lo1jke/1c_SDE,,,,
badcodes/vsnet,,,,
yam603/DVBAbfahrt,,,,
Top-Cat/COMP1-2011,,,,
Top-Cat/Core-Programming-Concepts-Booklet,,,,
baboon80/JustMyProgs,,,,
jamujr/TestWebServiceZip,,,,
now/dot-work,,,,
euanhume/Car-Park-Simulator,,,,
losep/core,,,,
ronhuang/grace-birthday,,,,
StanHutcheon/BackgroundBooter,,,,
Pondidum/Forge.Templating,,,,
Pondidum/ExceptionReporting,,,,
KingBain/Random-Employee-Picker,,,,
StanHutcheon/img3-Creator,,,,
GDiehl/My-Resident-Evil-5--Rocket-Calculator,,,,
wouter075/ProxyOnOff,,,,
wststreet/ZCD,,,,
mcneil-ryan-m/Tower-City,,,,
madlep/tomdotc,,,,
cuu/whsoft_installer,,,,
ChatServ/ChatServ,,,,
deanbarrow/ADB-File-Explorer,,,,
markizano/CurrencyConversion,,,,
alanleftofthedot/Vim-Reposity,,,,
yec/revit-add-in-installer,,,,
beterecoen/Super-Pro-Drum-Turbo,,,,
donatj/Clipboard-2-Desktop,,,,
ioport/TVrock-tweet-script,,,,
polgfred/really-old-stuff,,,,
bmontgomery/HtmlEncoding,,,,
StanHutcheon/nyan,,,,
zheileman/dotvim,,,,
elmundio87/TweetADay,,,,
JochenHeizmann/dotvim,,,,
alexpbrown/Blackjack,,,,
dtjohnso/Fundamentalism_File_Subject_Generator,,,,
bozzwahyu/countdown,,,,
rendrahimovic/Timer,,,,
arekshis/sg,,,,
ypa/InstitutionRelations,,,,
sbcale/Test-GitExtensions,,,,
luislavena/testly,,,,
hron84/HostsManager,,,,
jkatricak/CTR_acknowledge,,,,
tuananhtran/Visual-Basic,,,,
sugi/bsw-adhoc-ja,,,,
stwalkerster/roadworksmodel,,,,
3GSn0w/3gsn0w,,,,
sbcale/CadTest1dotNET,,,,
donatj/FolderFileOlderThan,,,,
arikui/arikuihub.com,,,,
tyree731/excel-sort-worksheets,,,,
cdownie/ODF-RemoteContextTester,,,,
aycancotoy/Guncel_Banka,,,,
henriquegr/z_dumpTicket,,,,
etdsoft/dradis-macros,,,,
CodingDojo/VisualStudioGit,,,,
PwnDevTeam/OpenWinPwn,,,,
smartj/LinqToXmlExperiments,,,,
lcuk/liqbase-playground,,,,
lcuk/myclock,,,,
leonardopires/PHVManager,,,,
sbcale/dmsDeleteTmpFiles-Git,,,,
reincubate/sydi-server,,,,
id774/batch_framework,,,,
Toin/WindowsApplication1,,,,
gbragante/Misc-utilities,,,,
juanplopes/mublasters,,,,
IainNZ/MacroStats,,,,
Passi/ProgramDLer,,,,
koushik1987/Distance-Learning-System,,,,
6hoursdaily/rrminimart,,,,
mdozmorov/Quantile-normalization,,,,
LookWhatJoeysMaking/ThreeAxisPlot,,,,
gilesc/GOGraph,,,,
madhur/CollegeCode,,,,
AngSukarno/Aquafarm_Project,,,,
vladkorotnev/ProgBar,,,,
vladkorotnev/ProgressBarMobile,,,,
jokeofweek/piccrypt,,,,
jmeijrink/Personal-projects,,,,
jimmyeisenhauer/RQMAPI_BUILD_VB_Sample,,,,
shyam/classic-asp-captcha,,,,
a2020vision/Old-projects,,,,
Agus1601/Fastigheter,,,,
dbrock/fruitysnake,,,,
kylirh/kommand,,,,
mb2o/vb-hl7,,,,
mohamed-r/1m-iis-bkp,,,,
exacqtech/CardScanToSugar,,,,
tronwarrior/isamss,,,,
vladkorotnev/EasyImageImport,,,,
vladkorotnev/PhotoCopy,,,,
everton-ers/wallpaper-fun,,,,
gitkinjal/Test,,,,
stv0g/first_lines,,,,
Toin/MDS_Prod,,,,
bmontgomery/DatabaseVersioning,,,,
royosherove/amazoner,,,,
vladkorotnev/WinSlide,,,,
vladkorotnev/Encrypter,,,,
vladkorotnev/myPhone,,,,
malletto/topdf,,,,
tuldok89/InpOutNet,,,,
terencemo/ITR-Migration,,,,
RedRat/MDFB,,,,
rmcardle/PasswordNG,,,,
Babarix/QIS-Bot,,,,
pulse-cc/iiVerify,,,,
ninjeff/FunctionalComposition,,,,
wingyplus/VB_Tut,,,,
brymck/highlighter,,,,
MarxW/WorkPlace,,,,
johnmoore/ScreenWatcher,,,,
carbinminds/OldCode,,,,
sharpred/ConsoleApplicationDrupal,,,,
Mmoorroollaann/MorroBot,,,,
CommandFusion/MediaPortal,,,,
jeremyroman/dotfiles,,,,
santhotech/ConOneManMode,,,,
tmackay/vb.net-QR-Code-Generator,,,,
mephistobooks/KanNum,,,,
PureMunky/Windows-Form-Synchronizer,,,,
iamfjun/netmontion,,,,
costie/TopGun-Twitter-Analytics,,,,
brymck/fas,,,,
Sebfh/ParseLisa,,,,
pceccato/MP3Grabber,,,,
doomdica/Cleaning,,,,
StanHutcheon/UDIDead_Bundle_Maker,,,,
scottrick/triviaBot,,,,
jeffreyiacono/in_convex_polygon,,,,
StanHutcheon/VBXpwn,,,,
BennyMcBenBen/sIMple,,,,
pedromsilvapt/TrainMeter,,,,
susu311/ProductionControlSystem-StuffedToyFactory,,,,
CoryM/My-Life,,,,
sysmaniax/sshbiomeder,,,,
johndavid400/picaxe_sketchbook,,,,
pigs/Unibomber,,,,
druid628/KaZaA-Supernode-Patch,,,,
martinmonnier/Hello-GitHub,,,,
ken-b4u/alertMailIp,,,,
hroyale/DxTool,,,,
GunioRobot/My-Vim-Configuration,,,,
lilspikey/picaxe08m,,,,
wdhae/TCMB_integrated,,,,
theshipster/JSCustomerLookup-,,,,
kirb/Programmer,,,,
Matija-Kozelj/TestProject,,,,
bruce-shen/SinterCooler_Preprocessor,,,,
jeremiahjordanisaacson/Visual-Basic---Code-Auditor,,,,
lmacken/pong.bas,,,,
Hegomir/Hello-world-,,,,
bearcat9/EasyInstaller,,,,
Crtac/Example,,,,
khaneh/gitTest,,,,
dlitvakb/GeoServices,,,,
alt236/GetNetworkInfo-VB.Net,,,,
TungAnh/QLKS,,,,
wingyplus/CAR,,,,
PSCG/RAMUsage,,,,
PSCG/CPUsage,,,,
PSCG/ChaOs,,,,
PSCG/FreeSpace,,,,
phistep/QBasic-Kurve,,,,
malloc47/sfacademy,,,,
leocastroramos/TesteLeonardo,,,,
jamestoyer/html2xaml,,,,
jamestoyer/eve-api-user-interface,,,,
jamestoyer/Tempestas,,,,
dionyziz/node-irc,,,,
RiSTMedia/Search-n-Load,,,,
ABeltramo/Torrent-Finder,,,,
mrkcor/echo_service_client_vb,,,,
brymck/translazen,,,,
ATeenagePirate/SoundCloud-MP3-Downloader,,,,
olegtaranenko/locationaware,,,,
wdhae/GitRebases,,,,
julianvargasalvarez/JunkWriter,,,,
diniremix/AiwConector,,,,
mamluka/JonOldBackOffice,,,,
Guisardo/OriginProd,,,,
evaldo/LingProg_SCE,,,,
sakama1024/tween,,,,
Matija-Kozelj/GNSS_obdelava,,,,
avatar6662/admik-vbscript-backup,,,,
shenhaocn/makebom,,,,
Andrei-Errapart/BlinkorCompiler,,,,
etaylor2k/TheCollector,,,,
gaoyaoxin/Cold-Turkey,,,,
ailue/VBCase,,,,
kezhong/VB.net,,,,
bojanliu/adwords-to-adcenter,,,,
digioz/other,,,,
Sebandreas/utorrent-network-notifications,,,,
AdamSpeight2008/Cards,,,,
ashamsu/Jailbreak-Help-rc4,,,,
ashamsu/0rangefreeze,,,,
wms/Zonomi-Dynamic-DNS-Updater,,,,
paulbooth/LabView-Sub,,,,
nkandege/KAIS,,,,
swdevbali/SwdevIUI-Demo-Applications,,,,
scilli/WshLibrary,,,,
BrianWakhutu/KAIS2,,,,
willgtl/MyTools,,,,
sbcale/Administrator-V7,,,,
countingpine/html2wakka,,,,
gregooverse/pt.dataserver2sqlite,,,,
k1fukumoto/vtilkit,,,,
dvirus1023/rASk,,,,
Marshallx/Launch-Base,,,,
Toin/MIS_MDS_PROD,,,,
Toin/MIS_MDS_PROD_INSTALLER,,,,
mynameisflaw2/DotNet,,,,
benoror/tickets_pension,,,,
tta2012/FMS_b1_addons,,,,
AlTune/DFU-detect0r,,,,
Minentaucher/Youtube-Downloader,,,,
akira345/ODBC-Export,,,,
StanHutcheon/FSDump,,,,
amirmc/PhD_stuff,,,,
luttapy-zz/JDE-Forceful-RESTART,,,,
ashamsu/DFU--Detector,,,,
kubenstein/rainlendar2Refresher,,,,
mrdavidlaing/quicksplash,,,,
wdhae/conflictTest,,,,
wdhae/myGitTest,,,,
chrisclark/Redelim-it,,,,
frodamas/TorrentDVR,,,,
ex/R_porter,,,,
jeremiahjordanisaacson/Visual-Basic---Windows-Phone-7.1---TypeMe,,,,
PrateekArya/PA,,,,
aadarshasubedi/GameStation,,,,
TheVigil7/Shutdown_task,,,,
okigan/RunCurrentBoostTest,,,,
mystblue/vbscript,,,,
madhurjain/Quizzit.NET,,,,
madhurjain/GeoCoder,,,,
madhurjain/Mazer,,,,
achied/openstack,,,,
johnjelinek/WcfWebApi,,,,
strakar/test_port,,,,
MightAndMagic/Chat-Server,,,,
vattay/vbsProcaine,,,,
jonezy/StorageLayer,,,,
DanyL/cinject-GUI,,,,
sergioleite/DLC,,,,
SteveLoth/Hello-World,,,,
Safehouse/MendelSheepBreeder,,,,
mrcoz/macro,,,,
asteroidteeth/dropin-home,,,,
johnjelinek/TicTacToe,,,,
wangye/WindowsScripts,,,,
AlTune/InterMed,,,,
nmartinet/Excel-Stuff,,,,
KarthirVintech/Testt,,,,
KarthirVintech/Testing,,,,
Anima-t3d/WPF-Zippo,,,,
jeffreyiacono/bounding-box,,,,
alzaj/action2events_Mapping,,,,
GunioRobot/flicktest,,,,
oferfrid/Microscope,,,,
mkazim4u/Production-Schedule,,,,
rarelogic/oauth.vb.net,,,,
Safehouse/GeneticCrafter,,,,
jeffreyiacono/depreciator,,,,
eilo/Triniguard,,,,
resourcetalents/2009.011,,,,
emeidi/Simple-Insert-as-File-Object,,,,
Aldeide/EDM,,,,
kthompson/PInvokeTool,,,,
whoward/SevenHelms,,,,
phoenixwebgroup/Automation,,,,
marikatanskanen/TestProject,,,,
sauthieg/pastebean-azure-deployment,,,,
MightAndMagic/Mighty-Remote-Control-Client,,,,
MightAndMagic/Mighty-Remote-Control--Server,,,,
bojanliu/ad-system,,,,
elha/anopla,,,,
PeterUpfold/VBoxVMStatus,,,,
asahasrabuddhe/Projects,,,,
hendrichia29/OM-ACU,,,,
bigjeff/Bigjeff-AE-Helper,,,,
neomelonas/Audit-Random-Sample-Generator,,,,
XyKyWyKy/FrapsJoin,,,,
XyKyWyKy/GetTextVB,,,,
mcwatt77/vbase,,,,
mcwatt77/Common,,,,
rhenium/Tween1100mod,,,,
robinexalt100/Hi.Project,,,,
Omie/QuizzIt-2010,,,,
jlopezv0401/ocrGui,,,,
admin-cloudmed/SASS_wsidentifyfinger,,,,
krol47/MCBackup,,,,
cock1doodledoo/DiskCheck,,,,
zweecn/IpListener,,,,
wangchun/XGalaxy,,,,
XURFACE/SolicitudesOnLine,,,,
BoxOfSnoo/VBGit,,,,
pg-ok-/VB.NET-Shiren2_Item,,,,
rano/procurement,,,,
kanaida/ExecuKron,,,,
joewritescode/SvcDemoForTrevor,,,,
bashis/The-Federation-WWE-Roster-Viewer,,,,
jakobojvind/SimpleMigrationTool,,,,
iepaul/maplin-usb-robotic-arm,,,,
bitsolusi/shms,,,,
flipbit/jenkins.net,,,,
alrik11es/Aurora,,,,
BobBonser/WebFormsSample,,,,
bfang/excelMenu,,,,
suicvne/Terraria-Updater,,,,
egrajeda/config-vim,,,,
jesusdf/CDClassifier,,,,
bausk/Contourize,,,,
kaneshin/excel-vbs,,,,
bjornakr/donkeyslug,,,,
bbarenz/Reflow-Oven,,,,
erasmuss22/IS371-Lab1,,,,
erasmuss22/IS371-Lab2,,,,
YuhangGe/quick-run,,,,
kircheff/Optics,,,,
StanHutcheon/VBPartial,,,,
leojg/Paradise-Hotel,,,,
ajaensch/Gallery-3-REST-Client,,,,
erasmuss22/IS371-Lab3,,,,
niqmk/Vector-Model,,,,
dechnostick/Hagure,,,,
enzy/Rychlo-lode,,,,
dechnostick/OnsenTV,,,,
feniix/npp-elevated,,,,
mbmihura/polimorfismo-en-VB,,,,
jonezy/SubSonic.ServiceBase,,,,
perringaiden/Wolflight.SWTORCombatLog,,,,
Milkax3/alterWar,,,,
VB6Hobbyst7/QCommon,,,,
xxdoc/QUtils,,,,
bigbrown/Tubenoia,,,,
caulfiek/KillWindowsTasks,,,,
koppor/VisioDrawing2SplittedPDFs,,,,
ragrawal/ReferenceManager,,,,
mdozmorov/GDS-processor,,,,
EArmour/Quotes-DB,,,,
walterwor/Postgres-Administrator,,,,
Toin/MDS_AR,,,,
afsn/perceptron,,,,
perringaiden/Wolflight.EPGPEditor,,,,
Toin/MIS_MDS_OrderStatus,,,,
CommandFusion/RulesProcessor,,,,
rkurz/ScoreKeeper,,,,
learnin/GenerateEntity,,,,
Awok/Bluefreeze,,,,
fschaefer/PICAXE_SerialLCD,,,,
firesofmay/Clinic-Management,,,,
atiliotapia/ahorrofarma_distribuidora_piura,,,,
smjrifle/Registration-Methods,,,,
Letech-Anamono/LightSwitch,,,,
shadab16/Coaching-Management,,,,
PramodDutta/Multi-Gui,,,,
IdeasStorm/AlgebraCalculator,,,,
IdeasStorm/Stiky-Notes,,,,
atiliotapia/ahorrofarma_boticahuayucachi,,,,
atiliotapia/ahorrofarma_boticaciudad,,,,
StanHutcheon/xSID,,,,
moyitpro/MelScrobbleWin,,,,
bojanliu/bulk-delete,,,,
gooswa/Spectrum-Analyzer,,,,
bojanliu/merger-workbooks,,,,
hron84/SC4Starter,,,,
CaitlynMainer/MichiSplasher,,,,
Rolilink/IntercambiadoresdeCalorenVB,,,,
Geosyntec/SUSTAIN,,,,
chrisjterrell/GIT,,,,
Turlough/AzureConsole,,,,
dllong/LR35902.NET,,,,
matarz/PSU_tuition_calculator,,,,
GamerWorld797/Youtube-Downloader-v2,,,,
jascotty2/WoT-Team-Planner,,,,
lcl-data/PdfToTxt,,,,
AdamTalbot/HCI_G2,,,,
darencox/SageActQuotePlugIn,,,,
lqud/Plotic,,,,
yehster/IntegralEMRDocumentManager,,,,
masteinhauser/vbnet,,,,
digistump/DeployBean,,,,
capablemonkey/vb-somewhatsecurechat,,,,
Xboxer/LazyPatch,,,,
matarz/PSU_admission_tester,,,,
Dvansciver/PTPortfolioSubmissionSystem,,,,
kism3t/CreateRouteAndNicBindingScript,,,,
gengo/resx-localize,,,,
asgeo1/testvb6,,,,
KyleMoberly/Art-Directory,,,,
perringaiden/Wolflight.AncientPylons,,,,
hcarver/Pong,,,,
moadh/SimpleCriteria,,,,
cleicester/git_learn,,,,
MightAndMagic/klOgameBot,,,,
TheNotary/maggz,,,,
seancoyne/schoolwork,,,,
ipavl/tictactoe-gfx,,,,
ipavl/slot-machine,,,,
toddmowen/decompose-msaccess,,,,
ahofman/TechnicalIndicators,,,,
JacobChrist/zmq-chat,,,,
code303/RemoteCameraTrigger,,,,
jose-gomes/test,,,,
POSSA/Winunciator,,,,
Encore9/E9,,,,
simonster/mendeley-word-plugin,,,,
manuelmayr/C0Vim,,,,
jseidl/cpft,,,,
safaci2000-public/SchoolCode,,,,
Astrum/DPP,,,,
RoryBecker/DX_PluginUpdater,,,,
masteinhauser/math_clinic-vbclient,,,,
abhall724/FinalDBProj,,,,
Zornek/LoC-Launcher,,,,
majorsilence/Dataset2Odf,,,,
majorsilence/XwtDatatables,,,,
kimhist/HiSTProsjekt,,,,
nkp/CountdownNumbers,,,,
ElijahGartin/VB_MOS,,,,
Bernice/Test-Repo,,,,
brotchie/bankcharts,,,,
chrissie1/Simple.Data.Sample.VB,,,,
raindolf/Anansi-Browser-1.0,,,,
jgavinray/CSIS-10,,,,
diego-torres/mailSender,,,,
charlesroper/SxBRC-OS-Grid-Convert,,,,
Selene-T/File-Tag-System,,,,
darinel/SHOTSocketGMC,,,,
luke-frazier/Downgrade-Bypass,,,,
Encore9/SnakeGame,,,,
tci12/PsPad-VBS-SQL-Helper,,,,
justrp/ifmo,,,,
dalefugier/RhinoScriptCommand,,,,
janusgruppe/Stundenliste,,,,
jcowgill/rpneval,,,,
korylprince/ActiveDirectoryScripts,,,,
kelvinct/ClosePrice,,,,
CplusHua01/SAE-Storage-Downloader,,,,
timawesomeness/Practice-Reminder,,,,
theantway/remote_management,,,,
sunra1n/SiriProx-Premium-Unlocker,,,,
sunra1n/SiriProx-Premium,,,,
rietta/personal_directory_manager,,,,
rpeterclark/RGB-HSL-Gamma-Worker,,,,
s-balandine/nhips,,,,
MatthewSmissaert/Desktop-Trakt,,,,
gmhawash/HTDBLogin,,,,
kelvinct/GetOnCC,,,,
tccurkendall/Ticket-system,,,,
denizkoekden/CacheSnort,,,,
cshyjak/ServiceStack.ContainerAdapter.Ninject,,,,
BonniesCoffee/Excel-Template,,,,
WillieC932/GCISDHRIASCAN,,,,
WillieC932/wylecustomkofax,,,,
mhujer/office-macros,,,,
dyama/mup-n,,,,
gwaldo/ListServices,,,,
dHeinemann/MySQL-Dumpster,,,,
the-hobbes/Network-Backup,,,,
tuarek/VBA_paste,,,,
jmfverano/Examen-Visual-Basic-DAI,,,,
soapy1/Falling-Freddie,,,,
gentunian/CreatePathVB,,,,
jenrsparks/ColorPickerVB,,,,
buddhika75/LetterTracker,,,,
EdgarMendez/CMS-Admin,,,,
nbashev/TVGuideTransform,,,,
weblinux/weblinux,,,,
changecase/snippits,,,,
wbeando/BlockDis,,,,
sepiroth28/purrfect_treats,,,,
retropia/retropia-client,,,,
Mike-Mad-Badger/Control-Collection-Property-Editor-for-VS,,,,
mikelowery2233/nwis-web-services-snapshot-add-in,,,,
nkp/EnigmaMachine,,,,
Strilanc/Strilbrary,,,,
mandarmulherkar/VBMouseCounterPrototype,,,,
pujarasd/tfa,,,,
dineshkummarc/Social-Networking-site,,,,
axgle/misc,,,,
cyberhiker/NessusCommands,,,,
dineshkummarc/DataExportusingDotNet,,,,
mnegi/VB-Projects,,,,
coley/groceryList,,,,
coley/userAddressGui,,,,
coley/employeeWorkgroupGui,,,,
GEOnj/CS115-Final,,,,
JackEagles/NeoIDE,,,,
satosheet/Histogram,,,,
dineshkummarc/JobSiteSK-VB,,,,
dineshkummarc/Win-SMS-Samples,,,,
MihailJP/RPN-Complex-Software-Calculator,,,,
nehajain24/ABC,,,,
quentez/Dice-Roller,,,,
lala0jalal/VB,,,,
RobertTheProfessional/Command2112,,,,
niki-timofe/SortsVisualisation,,,,
kamatamadai/r-assistance-api-vbscript,,,,
aaronwegner/calc-finances,,,,
mnsrulz/msongs,,,,
hackerfriendly/bullet_time,,,,
Fl4t/AdzHosts,,,,
swdevbali/DotsAndLine_SocketProgramming,,,,
stden/vb_calc,,,,
DeuxHuitHuit/ImageColorer,,,,
robinrizvi/WallpaperCycler,,,,
iMokhles/3ArabSn0w,,,,
luanpereira/EmbalaBrasil,,,,
RichoM/MiniMorphic,,,,
orzworks/orzapps,,,,
drunkuncleabe/outlook_macros,,,,
DavidKil/David-Kil,,,,
numenio/Mochila-Virtual,,,,
grimlor/KojackGames.Blackjack,,,,
LifeStream/ETL,,,,
lancelott2k/creden,,,,
damrongsak/WebExcel,,,,
sanoodles/gege,,,,
quzma/vim,,,,
dataman/Panel8x8Support,,,,
MacBookaro/professor,,,,
fedmich/VB6-Codes,,,,
endozs/myMaths,,,,
KJK98/Minecraft-Cityville-Client,,,,
ankitdbst/Video-Recorder,,,,
wbeando/CamIP,,,,
elsonnet/AccessController,,,,
Zachafer/Neopets-Api,,,,
kirb/Hydrogen,,,,
CodeTag/vbBot,,,,
dataman/VbDotNetTutorial,,,,
fkshom/unittest-vbs,,,,
phonicdespot/Combinations,,,,
sunra1n/Ac1dInject,,,,
Achury/QuickBooksIntegration,,,,
ascholer/Test2,,,,
viemme/repTest1,,,,
ascholer/ProjTest,,,,
ascholer/foobar,,,,
Warzone2100/flaME,,,,
alexander-williamson/TransactionalTestBase,,,,
gradenpapers/ScholarsLib,,,,
paulomcnally/NewFolderCleaner,,,,
robhortn/AllTasksAndTime,,,,
monster207/Salaria,,,,
dasher2k/WorldAtWar,,,,
humbhenri/VBCalculator,,,,
sejotrance/proyecto-ia,,,,
AOCAMPH/AppMovil,,,,
cnsnet/WebLWT,,,,
srw/windows-registry-monitoring-script,,,,
dlamkins/ImgBrick3,,,,
maikeffi/Test-Resources,,,,
slipkrod/PortalTribunal,,,,
chrissie1/ServicestackDemo,,,,
azyobuzin/TukaeSO,,,,
dualbootpt/LearningVB,,,,
gobbledygook88/notify.vbs,,,,
raver2046/DUMPER_SQL_SERVER,,,,
xrisdoc/SQLServerDatabaseBackupProcedure,,,,
mj-jadhav/Maze-Game-In-VB,,,,
gary-no-1/PrtTrflabels,,,,
EHLOVader/Useful-Office-Snippets,,,,
ctm002/wsEmisorCertificados,,,,
jocabundus/text-adventure,,,,
ashpool/winbin,,,,
molekilla/FastMatris,,,,
jocabundus/crossfire-warriors,,,,
LeviSchuck/biasedtimelapse,,,,
kjmcnee/School-Time,,,,
ascholer/FixTest,,,,
Questorian/Windows,,,,
mysterylx/Judge,,,,
hashknot/pacman-vb6,,,,
maikeffi/QTP_Automation_frame,,,,
niteshsinha/ims,,,,
seulmarc/ValidaEstructuraCFDComplementoCFDI,,,,
cubicdev3/Checking,,,,
csergent45/WebAdfHybrid,,,,
kpierce8/hittestrunner,,,,
johnjiang/SBHS-SDD,,,,
manuva/VB,,,,
semoru/CassandraClient-Net35-Example,,,,
alanpich/ExcelToSQL,,,,
Malintyne/GW2-Builder,,,,
bryj/XBMC.MyLibary_GUI,,,,
CarlosBarreto/Alone-Squirrel,,,,
albert777/kCash,,,,
Pieteru87/Calculator,,,,
bioproximity/ms2mz,,,,
IAL32/PokemonOnline-ExportToTextVB.NET,,,,
kbrCode/OrderProcess,,,,
MyRealityApps/The_HTML_Generator_Windows,,,,
LeviSchuck/JunctionTool,,,,
iMega/imf4wsh,,,,
abrahamvegac/MigracionReportes,,,,
zxzvzxzz/zxzvzxzzNo1,,,,
rht341/MLBImport,,,,
ajekisulev/testPO,,,,
Chungleduc/TextGithub,,,,
penck/ProjectSystem,,,,
ajekisulev/Expandtest,,,,
ajekisulev/PO,,,,
hakre/hashcat-gui,,,,
G4Vi/Airplane-Seating-2010-VBclass-Final,,,,
Chibiko/GameLogic,,,,
seangravener/QBasic,,,,
pdhs/LeaveAnalyzer,,,,
pdhs/LetterManager,,,,
benzhe/On-Screen-Ruler,,,,
doctorgonzo/BatchRename,,,,
trainingpnt/TrainingFiles0811,,,,
bouzuya/wsh-study,,,,
bouzuya/wsh-capture-screen,,,,
xixiixiiixiv/ExcelVBA,,,,
laffer1/fgdata,,,,
liuwg8018/myrepo,,,,
bouzuya/wsh-wmi-study,,,,
stevetait/DAMimport.NET,,,,
nagatama23/Hello-World,,,,
1987mxy/InternatofThings_AuthManager,,,,
johnthebrave/Scripts,,,,
sepiroth28/Nutrimart-calape,,,,
thomas15v/easyADB,,,,
kjmcnee/Final-Meme-MCCCXXXVII,,,,
TYDIRocks/BitcoinPrivKeyImporter,,,,
smokey38/ADExport,,,,
gene-sys/ascute,,,,
mswillsher/PMI-CD-Image-Extraction-Utility,,,,
gene-sys/opchdaclient,,,,
gene-sys/sqlviewer,,,,
KebinuChiousu/map-network-drive,,,,
ByronWang/WeldStudio,,,,
bilious/MSFoundationClasses,,,,
Frankity/Puke,,,,
danielromeroauk/marina,,,,
gavonas/adf,,,,
ElioCortes/Proyecto-progra5,,,,
vladkorotnev/AutoTyper,,,,
vladkorotnev/SysInfo,,,,
yueyingcui/JigsawPuzzle,,,,
denimology/Test-Repo,,,,
angellinares/CustomSprite,,,,
jamellis/400capstone,,,,
josuetec2003/EvaluacionJurado,,,,
salihyaz/NikolaDental,,,,
nikyxxx/BaseData,,,,
kmaehashi/FastMeet,,,,
nedimsahin/outlookmacro,,,,
psunthud/PAWS-CRD,,,,
NurselGokce/FritoLay,,,,
NurselGokce/AccessCalismasi,,,,
pedromsilvapt/SmartBackup,,,,
rynobey/cstenv,,,,
cjmaxs/swann1,,,,
yassinemaaroufi/provisions,,,,
yassinemaaroufi/encours-moyens,,,,
NWoodruff/XKCD-Report-Text,,,,
cms-jk/JKDesktopSearch,,,,
nicolasv21/Netcell-Demo,,,,
pc-coholic/jackbuzz,,,,
asvavilov/tests-rq,,,,
alexanderscott/AuDOS,,,,
man-r/Excel-Password-Cracker,,,,
KebinuChiousu/ExtractVBA,,,,
hellais/dotfiles,,,,
YauHsien/VB6Library,,,,
chenhaibin/vbs,,,,
ebautista/CubelibSFTP,,,,
msklywenn/DSTexCompress,,,,
agenlav/Alimentis,,,,
alainbryden/Google-Earth-Visualization,,,,
en14vn/virusish,,,,
nur1labs/AllInOneTools,,,,
sknez/GitHubTest,,,,
erelson/MCNPX-Tally-Plotter,,,,
Nico92/Collection-VBS,,,,
haroturbo/RPNNETA,,,,
mandarl/nsedata,,,,
jdpeinado/Lavadora,,,,
AwakenedSorrow/Eclopti,,,,
koevoet/FlashcatUSB,,,,
KurtE/Phoenix-Code,,,,
SAPikachu/VFRHelper,,,,
rileyjstrickland/ColoredChat-Terraria-TSHOCK,,,,
dsrdakota/SlimOS,,,,
tapootum/vbs,,,,
aadarshasubedi/server-grooming,,,,
Zeptle/Code,,,,
Solsis00/TTimer,,,,